Workbook

Sheet Products
A1: Product Name | B1: Price
A2: Product A | B2: 29.99
A3: Product B | B3: 49.99
A4: Product C | B4: 19.99
A5: Product D | B5: 39.99
A6: Product E | B6: 59.99

Sheet Sizes and Colors
A1: Product Name | B1: Size | C1: Color
A2: Product A | B2: Small | C2: Red
A3: Product A | B3: Medium | C3: Red
A4: Product A | B4: Large | C4: Red
A5: Product A | B5: Small | C5: Blue
A6: Product A | B6: Medium | C6: Blue
A7: Product A | B7: Large | C7: Blue
A8: Product B | B8: Small | C8: Black
A9: Product B | B9: Medium | C9: Black
A10: Product B | B10: Large | C10: Black
A11: Product B | B11: Small | C11: White
A12: Product B | B12: Medium | C12: White
... A21: Product E | B21: Large | C21: Orange

Sheet Orders
A1: Order ID | B1: Product Name | C1: Size | D1: Color | E1: Price
A2: =IF(B2="","",1000+ROW()-1) | E2: =IF(B2="","",VLOOKUP(B2,Products!A:B,2,FALSE))
A3: =IF(B3="","",1000+ROW()-1) | E3: =IF(B3="","",VLOOKUP(B3,Products!A:B,2,FALSE))
A4: =IF(B4="","",1000+ROW()-1) | E4: =IF(B4="","",VLOOKUP(B4,Products!A:B,2,FALSE))
A5: =IF(B5="","",1000+ROW()-1) | E5: =IF(B5="","",VLOOKUP(B5,Products!A:B,2,FALSE))
A6: =IF(B6="","",1000+ROW()-1) | E6: =IF(B6="","",VLOOKUP(B6,Products!A:B,2,FALSE))
A7: =IF(B7="","",1000+ROW()-1) | E7: =IF(B7="","",VLOOKUP(B7,Products!A:B,2,FALSE))
A8: =IF(B8="","",1000+ROW()-1) | E8: =IF(B8="","",VLOOKUP(B8,Products!A:B,2,FALSE))
A9: =IF(B9="","",1000+ROW()-1) | E9: =IF(B9="","",VLOOKUP(B9,Products!A:B,2,FALSE))
A10: =IF(B10="","",1000+ROW()-1) | E10: =IF(B10="","",VLOOKUP(B10,Products!A:B,2,FALSE))
A11: =IF(B11="","",1000+ROW()-1) | E11: =IF(B11="","",VLOOKUP(B11,Products!A:B,2,FALSE))
A12: =IF(B12="","",1000+ROW()-1) | E12: =IF(B12="","",VLOOKUP(B12,Products!A:B,2,FALSE))
A13: =IF(B13="","",1000+ROW()-1) | E13: =IF(B13="","",VLOOKUP(B13,Products!A:B,2,FALSE))
... A101: =IF(B101="","",1000+ROW()-1) | E101: =IF(B101="","",VLOOKUP(B101,Products!A:B,2,FALSE))
A103: DOCUMENTATION:
A104: HOW TO USE THIS ORDERS SHEET:
A105: 1. Select a Product Name from the dropdown in column B
A106: 2. Select a Size from the dropdown in column C
A107: 3. Select a Color from the dropdown in column D
A108: 4. The Order ID (column A) and Price (column E) will auto-populate
A110: DROPDOWN ORGANIZATION:
A111: - Product Names: Linked to Products sheet (A2:A6)
A112: - Sizes: Linked to Sizes and Colors sheet (B2:B21)
A113: - Colors: Linked to Sizes and Colors sheet (C2:C21)
A115: AUTO-POPULATION:
A116: - Order ID: Auto-generated using formula =IF(B{row}="","",1000+ROW()-1)
... A122: 3. The new product will automatically appear in the Orders dropdown
